Title,Price,Overall-Rating,Total-Reviews,Availability,Color,Brand,Material,Special-Feature,Discount-Amount
Cordking Designed for iPhone 13 Case Silicone Ultra Slim Shockproof Protective Phone Case with [Soft Anti-Scratch Microfiber Lining] 6.1 inch Black,$15.98,4.6 out of 5 stars,2.587 ratings,In Stock.,Black,Cordking,Silicone,"Raised lips, Smooth, Slim, Soft Microfiber Lining, Perfect fits",$3.00
Cordking Designed for iPhone 13 Case Silicone Ultra Slim Shockproof Protective Phone Case with [Soft Anti-Scratch Microfiber Lining] 6.1 inch Chalk Pink,$16.98,4.6 out of 5 stars,2.587 ratings,In Stock.,Chalk Pink,Cordking,Silicone,"Raised lips, Smooth, Slim, Soft Microfiber Lining, Perfect fits",NA
CASEKOO Crystal Clear Designed for iPhone 13 Case [Not Yellowing] [Military Drop Protection] Shockproof Protective Phone Case 6.1 inch 2021 (Clear),$18.99,4.7 out of 5 stars,3.341 ratings,In Stock.,Clear,CASEKOO,"Polycarbonate, Thermoplastic Polyurethane","Heavy Duty Protection, Anti-Slip",$5.00
CASEKOO Crystal Clear Designed for iPhone 13 Case [Not Yellowing] [Military Drop Protection] Shockproof Protective Phone Case Slim Thin Cover 6.1 inch 2021 (Blue),$21.99,4.7 out of 5 stars,3.341 ratings,In Stock.,Blue,CASEKOO,"Polycarbonate, Thermoplastic Polyurethane","Lightweight, Shock-Absorbent",$2.00
OTTERBOX COMMUTER SERIES Case for iPhone 13 (ONLY) - MAVEN WAY,$39.95,4.7 out of 5 stars,369 ratings,In Stock.,MAVEN WAY,OtterBox,Polycarbonate,Antimicrobial,NA
OTTERBOX COMMUTER SERIES Case for iPhone 13 (ONLY) - ROCK SKIP WAY,$39.95,4.7 out of 5 stars,519 ratings,In Stock.,ROCK SKIP W,OtterBox,Synthetic rubber slipcover Polycarbonate shell,Antimicrobial,NA
NTG [1st Generation] Designed for iPhone 13 Case Heavy-Duty Tough Rugged Lightweight Slim Shockproof Protective Case for iPhone 13 6.1 InchBlue,$12.74,4.6 out of 5 stars,458 ratings,In Stock.,Blue,NTG,NA,"Wireless, Slim Fit, Heavy Duty Protection, Tough, Shockproof",$5.25
NTG [1st Generation] Designed for iPhone 13 Case Heavy-Duty Tough Rugged Lightweight Slim Shockproof Protective Case for iPhone 13 6.1 InchClear,$12.74,4.6 out of 5 stars,458 ratings,In Stock.,Clear,NTG,"Polycarbonate, Thermoplastic Polyurethane","Lightweight, Shock-Absorbent",$3.25
CASEKOO Multi Armor for iPhone 13 Case [Mil-Grade Drop Tested] Slim Thin Protective Phone Cases Matte Translucent Shockproof Cover 6.1 inch 2021 Blue,$25.99,4.8 out of 5 stars,872 ratings,In Stock.,Blue,CASEKOO,,,NA
LUPA Legacy iPhone 13 Wallet Case - Case with Card Holder - [Slim + Durable] for Women and Men - iPhone 13 Flip Cell Phone case - Faux Leather - Folio Cover - Black,$21.99,4.5 out of 5 stars,277 ratings,In Stock.,Black,LUPA Legacy,"Faux Leather, Leather",,NA
LUPA Legacy iPhone 13 Wallet Case - Case with Card Holder - [Slim + Durable] for Women and Men - iPhone 13 Flip Cell Phone case - Faux Leather - Folio Cover - Desert Sky,$21.99,4.5 out of 5 stars,277 ratings,In Stock.,Desert Sky,LUPA Legacy,"Faux Leather, Leather",,NA
Spigen Ultra Hybrid [Anti-Yellowing Technology] Designed for iPhone 13 Case (2021) - Crystal Clear,$14.99,4.7 out of 5 stars,2.575 ratings,In Stock.,Crystal Clear,Spigen,"Polycarbonate, Thermoplastic Polyurethane",NA,NA
Spigen Ultra Hybrid Designed for iPhone 13 Case (2021) - Matte Black,$15.99,4.7 out of 5 stars,2.575 ratings,In Stock.,Matte Black,Spigen,"Polycarbonatethermoplastic polyurethane, Thermoplastic Polyurethane",NA,NA
Red2Fire Designed for iPhone 13 Case with Built-in Screen Protector 360° Full Body Protective Cover Heavy Duty Lightweight Slim Shockproof Clear Phone Case for iPhone 13 6.1 inch (Black),$15.99,4.3 out of 5 stars,1.455 ratings,In Stock.,Black,Red2Fire,NA,,NA
Red2Fire Designed for iPhone 13 Case with Built-in Screen Protector 360° Full Body Protective Cover Heavy Duty Lightweight Slim Shockproof Clear Phone Case for iPhone 13 6.1 inch (Light Green),$17.99,4.3 out of 5 stars,1.455 ratings,In Stock.,Light Green,Red2Fire,"Polycarbonate, Thermoplastic Polyurethane",,NA
JETech Silicone Case Compatible with iPhone 13 6.1-Inch Silky-Soft Touch Full-Body Protective Phone Case Shockproof Cover with Microfiber Lining (Blue Jay),$11.99,4.4 out of 5 stars,180 ratings,,Blue Jay,JETech,Silicone,Wireless Charging Compatible,NA
JETech Silicone Case Compatible with iPhone 13 6.1-Inch Silky-Soft Touch Full-Body Protective Phone Case Shockproof Cover with Microfiber Lining (Light Purple),$11.99,4.4 out of 5 stars,180 ratings,,Light Purple,JETech,Silicone,Wireless Charging Compatible,NA
JETech Case Compatible with iPhone 13 6.1-Inch Shockproof Phone Bumper Cover Anti-Scratch Clear Back (Black),$10.99,4.7 out of 5 stars,2.192 ratings,,Black,JETech,"Polycarbonate, Thermoplastic Polyurethane","Shock-Absorbent, Wireless Charging Compatible",NA
JETech Case Compatible with iPhone 13 6.1-Inch Shockproof Phone Bumper Cover Anti-Scratch Clear Back (Midnight Green),$10.99,4.7 out of 5 stars,2.191 ratings,In Stock.,Midnight Green,JETech,"Polycarbonate, Thermoplastic Polyurethane","Shock-Absorbent, Wireless Charging Compatible",NA
ORNARTO Shockproof Liquid Silicone Designed for iPhone 13 Case Gel Rubber Full Body Protection Anti-Shock Cover Case Drop Protection 6.1inch-Black,$14.99,4.6 out of 5 stars,468 ratings,In Stock.,Black,ORNARTO,"Silicone, Rubber, Gel",Heavy Duty Protection,NA
ORNARTO Shockproof Liquid Silicone Designed for iPhone 13 Case Gel Rubber Full Body Protection Anti-Shock Cover Case Drop Protection 6.1inch-Cactus,$15.99,4.6 out of 5 stars,468 ratings,In Stock.,Cactus,ORNARTO,"Silicone, Rubber, Gel",Heavy Duty Protection,NA
Spigen Ultra Hybrid Mag [Anti-Yellowing Technology] Compatible with MagSafe Designed for iPhone 13 Pro Case (2021) - Black,$21.99,4.6 out of 5 stars,1.146 ratings,In Stock.,Black,Spigen,Polycarbonate,Heavy Duty Protection,NA
i-Blason Cosmo Series Case for iPhone 13 6.1 inch (2021 Release) Slim Full-Body Stylish Protective Case with Built-in Screen Protector(Marble),$20.99,4.6 out of 5 stars,648 ratings,In Stock.,Marble,I-Blason,Thermoplastic Polyurethane,Screen Protector,NA
i-Blason Cosmo Series Case for iPhone 13 6.1 inch (2021 Release) Slim Full-Body Stylish Protective Case with Built-in Screen Protector (BlueFly),$22.99,4.6 out of 5 stars,648 ratings,In Stock.,BlueFly,i-Blason,Thermoplastic Polyurethane,Screen Protector,NA
i-Blason Cosmo Series Case for iPhone 13 6.1 inch (2021 Release) Slim Full-Body Stylish Protective Case with Built-in Screen Protector (PinkFly),$22.99,4.6 out of 5 stars,648 ratings,In Stock.,PinkFly,i-Blason,Thermoplastic Polyurethane,Built-in Screen Protector,NA
Smartish iPhone 13 Slim Case - Gripmunk - [Lightweight + Protective] Thin Grip Cover - Nothin' to Hide,$14.99,4.6 out of 5 stars,43 ratings,In Stock.,Nothin' to Hide,Smartish,"Grippy Sides, Smooth Back",,$10.00
ORNARTO Compatible with iPhone 13 Case 6.1 Slim Liquid Silicone 3 Layers Full Covered Soft Gel Rubber Case Cover 6.1 inch-Blue,$13.99,4.6 out of 5 stars,958 ratings,In Stock.,Blue,ORNARTO,"Silicone, Rubber, Gel",NA,NA
ORNARTO Compatible with iPhone 13 Case 6.1 Slim Liquid Silicone 3 Layers Full Covered Soft Gel Rubber Case Cover 6.1 inch-Cactus,$14.99,4.6 out of 5 stars,958 ratings,In Stock.,Cactus,ORNARTO,"Silicone, Rubber, Gel",NA,NA
"Diaclara Designed for iPhone 13 Case Full Body Rugged Case with Built-in Touch Sensitive Anti-Scratch Screen Protector Soft TPU Bumper Case for iPhone 13 6.1"" (Creamy-White)",$15.99,4.4 out of 5 stars,125 ratings,In Stock.,Creamy-White,Diaclara,Thermoplastic Polyurethane,Screen Protector,NA
Designed for iPhone 13 CaseORETECH iPhone 13 Case with 2 x Tempered Glass Screen Protector&Camera Lens Protector for iPhone 13 Hard PC+TPU Shockproof Non-Slip Case Cover for iPhone 13 Case-Black,$14.99,4.4 out of 5 stars,222 ratings,In Stock.,Black,ORETECH,"Tempered Glass, Thermoplastic Polyurethane","Heavy Duty Protection, Support Wireless Charging, Anti-Scratch, Impact Resistance, Non-Yellowing",NA
Linyune iPhone 13 Flower Case with Ring Holder Pressed Real Flowers Clear Case with Floral Design for Cute Girls WomenSoft TPU Flexible Rubber Bumper Cover for iPhone 136.1 inch Navy Blue,$12.99,4.4 out of 5 stars,32 ratings,In Stock.,Navy Blue,LINYUNE,"Resin, Real Flowers, Thermoplastic Polyurethane",NA,NA
Linyune Flower Leaf Case for iPhone 13 Pressed Real Flowers Leaves Clear Case with Floral Design for Cute Girls WomenSoft TPU Flexible Rubber Bumper Cover for iPhone 136.1 inch Green,$12.99,4.4 out of 5 stars,32 ratings,,Green,LINYUNE,"Resin, Real Flowers, Thermoplastic Polyurethane",NA,NA
Luxury iPhone 13 case .Silicone Shockproof Phone Case iPhone 13 Full Body Protective Phone Case-Black (White),$14.99,4.1 out of 5 stars,31 ratings,In Stock.,White,LucaSng,Silicone,"Lightweight, Shock-Absorbent",NA
LOZOP Compatible with iPhone 13 Case Military Grade Shockproof Cover Protective Phone Case with Screen Protector for iPhone 13 6.1 Inch(Red),$15.89,4.6 out of 5 stars,306 ratings,In Stock.,Red,LOZOP,"Polycarbonate, Thermoplastic Polyurethane",Screen Protector,NA
LOZOP Compatible with iPhone 13 Case Military Grade Shockproof Cover Protective Phone Case with Screen Protector for iPhone 13 6.1 Inch (Blue),$15.89,4.6 out of 5 stars,306 ratings,In Stock.,Blue,LOZOP,"Polycarbonate, Thermoplastic Polyurethane",Screen Protector,NA
Mkeke Compatible with iPhone 13 Pro Case Not Yellowing Shockproof 13 Pro Phone Clear Case with Protective Bumper Slim Fit for iPhone 13 Pro 2021,$11.99,4.7 out of 5 stars,1.520 ratings,In Stock.,Clear,Mkeke,Thermoplastic Polyurethane,,NA
Mkeke Compatible with iPhone 13 Pro Case Not Yellowing Shockproof 13 Pro Phone Clear Case with Protective Bumper Slim Fit for iPhone 13 Pro 2021 Blue,$12.99,4.7 out of 5 stars,1.520 ratings,In Stock.,Blue,Mkeke,Thermoplastic Polyurethane,NA,NA
IDYStar Compatible with iPhone 13 Case with Tempered Glass Screen Protector Hybrid Drop Test Cover with Car Mount Kickstand Slim Fit Protective Phone Cover for iPhone 13 6.1 Inch Red,$11.99,4.1 out of 5 stars,31 ratings,In Stock.,Red,IDYStar,Tempered Glass,,NA
IDYStar Compatible with iPhone 13 Case with Tempered Glass Screen Protector Hybrid Drop Test Cover with Car Mount Kickstand Slim Fit Protective Phone Cover for iPhone 13 6.1 Inch Blue,$13.99,4.1 out of 5 stars,31 ratings,In Stock.,Blue,IDYStar,Tempered Glass,,NA
ORNARTO Shockproof Liquid Silicone Designed for iPhone 13 Case Gel Rubber Full Body Protection Anti-Shock Cover Case Drop Protection 6.1inch-Mint Green,$14.99,4.6 out of 5 stars,468 ratings,In Stock.,Mint Green,ORNARTO,"Silicone, Rubber, Gel",Heavy Duty Protection,NA
SUPCASE Unicorn Beetle Edge Series Case for iPhone 13 (2021 Release) 6.1 Inch Slim Frame Clear Case with TPU Inner Bumper & Transparent Back (Black),$14.99,4.6 out of 5 stars,108 ratings,In Stock.,Black,SUPCASE,Thermoplastic Polyurethane,NA,NA
TORRAS Shockproof Compatible for iPhone 13 Pro Case [Military-Grade Drop Tested] Translucent Matte Hard PC Back with Soft Silicone Edge Slim Protective Phone Guardian Blue,$23.99,4.6 out of 5 stars,1.847 ratings,In Stock.,Blue,TORRAS,Silicone,"Slim Fit, Heavy Duty Protection, Great Grip, Shockproof, Translucent",NA
TORRAS Shockproof Compatible for iPhone 13 Pro Case [Military-Grade Drop Tested] Translucent Matte Hard PC Back with Soft Silicone Edge Slim Protective Phone Guardian Sierra Blue,$25.99,4.6 out of 5 stars,1.847 ratings,In Stock.,Sierra Blue,TORRAS,Silicone,"Slim Fit, Heavy Duty Protection, Great Grip, Shockproof, Translucent",NA
IDYStar Compatible with iPhone 13 Case with Tempered Glass Screen Protector Hybrid Drop Test Cover with Car Mount Kickstand Slim Fit Protective Phone Cover for iPhone 13 6.1 Inch Red,$11.99,4.1 out of 5 stars,31 ratings,In Stock.,Red,IDYStar,Tempered Glass,,NA
IDYStar Compatible with iPhone 13 Case with Tempered Glass Screen Protector Hybrid Drop Test Cover with Car Mount Kickstand Slim Fit Protective Phone Cover for iPhone 13 6.1 Inch Blue,$13.99,4.1 out of 5 stars,31 ratings,In Stock.,Blue,IDYStar,Tempered Glass,,NA
"ORETech Designed for iPhone 13 Casewith 2 x Tempered Glass Screen Protector&Camera Lens Protector for iPhone 13 Cover Hard PC+Soft TPU Shockproof Transparent Non-Slip Case for iPhone 13 6.1"" Clear",$11.99,4.4 out of 5 stars,222 ratings,In Stock.,Clear,ORETECH,Thermoplastic Polyurethane,,NA
Speck Products CandyShell Grip Cell Phone Case for iPhone XS/iPhone X - Caribbean Blue/Bubblegum Pink,$6.00,4.6 out of 5 stars,6.810 ratings,In Stock.,Caribbean Blue/Bubblegum Pink,Speck,"Rubber, Polycarbonate, Acrylic",Heavy Duty Protection,NA
Speck Products CandyShell Grip Cell Phone Case for iPhone XS/iPhone X - Charcoal Grey/Dark Poppy Red,$10.82,4.6 out of 5 stars,6.810 ratings,In Stock.,Charcoal Grey/Dark Poppy Red,Speck,Rubber,Heavy Duty Protection,$1.28
SAFACUS Thermal Phone Case for iPhone 13 12 11 Pro Max Xs Max XR X 8 7 6S Plus SESamsung Galaxy Smart Phone Pouch Cellphone Case Cover Bags (Blue),$9.99,4.2 out of 5 stars,40 ratings,In Stock.,Blue,SAFACUS,NA,NA,NA
SAFACUS Thermal Phone Case for iPhone 13 12 Pro Max Xs Max XR X 8 7 6S Plus SESamsung Galaxy Smart Phone Pouch Cellphone Case Cover Bags (White),$9.99,4.2 out of 5 stars,40 ratings,In Stock.,White,SAFACUS,NA,NA,NA
Spigen Ultra Hybrid [Anti-Yellowing Technology] Designed for iPhone 13 Pro Max Case (2021) - Crystal Clear,$14.99,4.7 out of 5 stars,7.277 ratings,In Stock.,Crystal Clear,Spigen,"Polycarbonate, Thermoplastic Polyurethane",NA,$15.00
Spigen Ultra Hybrid Designed for iPhone 13 Pro Max Case (2021) - Matte Black,$15.99,4.7 out of 5 stars,7.277 ratings,In Stock.,Matte Black,Spigen,"Polycarbonate, Thermoplastic Polyurethane",NA,$14.00
ArmadilloTek Vanguard Case Compatible with iPhone 11 (6.1 inches) Military Grade Full-Body Rugged with Kickstand and Built-in Screen Protector (Red),$20.98,4.6 out of 5 stars,5.237 ratings,In Stock.,Red,ArmadilloTek,Polycarbonate,Military Grade Drop Proof + Kickstand + Wireless Charging + Dust Proof,NA
ArmadilloTek Vanguard Case Compatible with iPhone 11 (6.1 inches) Military Grade Full-Body Rugged with Kickstand and Built-in Screen Protector (Blue),$20.98,4.6 out of 5 stars,5.237 ratings,In Stock.,Blue,ArmadilloTek,"Silicone, Polycarbonate",Military Grade Drop Proof + Kickstand + Wireless Charging + Dust Proof,NA
LOZOP Compatible with iPhone 13 Case Military Grade Shockproof Cover Protective Phone Case with Screen Protector for iPhone 13 6.1 Inch(Red),$15.89,4.6 out of 5 stars,306 ratings,In Stock.,Red,LOZOP,"Polycarbonate, Thermoplastic Polyurethane",Screen Protector,NA
LOZOP Compatible with iPhone 13 Case Military Grade Shockproof Cover Protective Phone Case with Screen Protector for iPhone 13 6.1 Inch (Blue),$15.89,4.6 out of 5 stars,306 ratings,In Stock.,Blue,LOZOP,"Polycarbonate, Thermoplastic Polyurethane",Screen Protector,NA
Linyune iPhone 13 Flower Case with Ring Holder Pressed Real Flowers Clear Case with Floral Design for Cute Girls WomenSoft TPU Flexible Rubber Bumper Cover for iPhone 136.1 inch Navy Blue,$12.99,4.4 out of 5 stars,32 ratings,In Stock.,Navy Blue,LINYUNE,"Resin, Real Flowers, Thermoplastic Polyurethane",NA,NA
Linyune Flower Leaf Case for iPhone 13 Pressed Real Flowers Leaves Clear Case with Floral Design for Cute Girls WomenSoft TPU Flexible Rubber Bumper Cover for iPhone 136.1 inch Green,$12.99,4.4 out of 5 stars,32 ratings,,Green,LINYUNE,"Resin, Real Flowers, Thermoplastic Polyurethane",NA,NA
Henpone Designed for iPhone 13 Pro Max Case Women Glitter with Ring Stand Cell Phone Basic Case for iPhone 13 Pro Max 6.7 inch Bling Gold,$17.99,4.6 out of 5 stars,27 ratings,In Stock.,Bling Gold,Henpone,NA,"Slim Fit, Travel, Kickstand, Heavy Duty Protection, Universal",NA
Henpone Designed for iPhone 13 Pro Max Case Women Glitter with Ring Stand Cell Phone Basic Case for iPhone 13 Pro Max 6.7 inch Blue,$17.99,4.6 out of 5 stars,27 ratings,In Stock.,Blue,Henpone,NA,"Slim Fit, Travel, Kickstand, Heavy Duty Protection, Universal",NA
Spigen Tough Armor [Extreme Protection Tech] Designed for iPhone 13 Case (2021) - Navy Blue,$17.99,4.7 out of 5 stars,1.198 ratings,In Stock.,Navy Blue,Spigen,"Polycarbonate, Thermoplastic Polyurethane",Kickstand,NA
Spigen Tough Armor [Extreme Protection Tech] Designed for iPhone 13 Case (2021) - Gunmetal,$17.99,4.7 out of 5 stars,1.198 ratings,In Stock.,Gunmetal,Spigen,"Polycarbonate, Thermoplastic Polyurethane",Kickstand,NA
Mkeke Compatible with iPhone 13 Case Clear Transparent Shockproof Protective Bumpers Phone Cases for iPhone 13 Released 2021,$11.89,4.7 out of 5 stars,2.981 ratings,In Stock.,Clear,Mkeke,Thermoplastic Polyurethane,"Slim Fit, Shock-Absorbing Corners, Anti-yellowing, Raised Edges for extra protection, Crystal Clear",$5.10
"K TOMOTO Compatible with iPhone 13 Case [Drop Protection] [Anti-Scratch] Shockproof Liquid Silicone Anti-Fingerprint Cover with Microfiber Lining Phone Case for iPhone 13 6.1"" (2021) Hot Pink",$14.99,4.7 out of 5 stars,93 ratings,In Stock.,Hot Pink,K TOMOTO,Silicone,,NA
ESR Air Armor Case Compatible with iPhone 13 Case Military-Grade Drop Protection Shock-Absorbing Corners Yellowing-Resistant Hard Back Scratch Resistant Frosted Black,$13.59,4.7 out of 5 stars,1.985 ratings,In Stock.,Black,ESR,NA,Scratch Resistant,$3.40
Mkeke Compatible with iPhone 13 Case Black Not Yellowing Shockproof 13 Phone Black Case with Protective Bumper Slim Fit for iPhone 13 2021,$14.99,4.7 out of 5 stars,2.981 ratings,In Stock.,Black,Mkeke,Thermoplastic Polyurethane,Slim Fit,NA
Mkeke Compatible with iPhone 13 Case Clear Transparent Shockproof Protective Bumpers Phone Cases for iPhone 13 Released 2021,$11.89,4.7 out of 5 stars,2.981 ratings,In Stock.,Clear,Mkeke,Thermoplastic Polyurethane,"Slim Fit, Shock-Absorbing Corners, Anti-yellowing, Raised Edges for extra protection, Crystal Clear",$5.10
"Humixx Shockproof Designed for iPhone 13 Case [Military Grade Drop Tested][Ultra Silky Touch] Hard PC Back with Soft TPU Edge Translucent Matte Slim Protective Cover for iPhone 13 6.1"" - Navy Blue",$19.99,4.7 out of 5 stars,1.856 ratings,In Stock.,B- Navy Blue,Humixx,"Durable Flexible TPU Material, Diamond Antioxidant Structure, Thermoplastic Polyurethane",,$6.00
"Humixx Shockproof Designed for iPhone 13 Case [Military Grade Drop Tested] [Airbag Protection] Translucent Matte Back and Soft Edge Slim Case Compatible with iPhone 13 6.1"" 5G - Sky Blue",$19.99,4.7 out of 5 stars,1.856 ratings,In Stock.,D- Sky Blue,Humixx,"Silicone, Plastic, Rubber, Thermoplastic Polyurethane",,$6.00
Mkeke Compatible with iPhone 13 Pro Case Black Not Yellowing Shockproof 13 Pro Phone Black Case with Protective Bumper Slim Fit for iPhone 13 Pro 2021,$12.99,4.7 out of 5 stars,1.520 ratings,In Stock.,Black,Mkeke,Thermoplastic Polyurethane,NA,NA
Mkeke Compatible with iPhone 13 Pro Case Not Yellowing Shockproof 13 Pro Phone Clear Case with Protective Bumper Slim Fit for iPhone 13 Pro 2021 Green,$13.99,4.7 out of 5 stars,1.520 ratings,In Stock.,Green,Mkeke,NA,Clear,NA
Nillkin Armor Case Compatible with iPhone 13 Pro Max Case [Built in Kickstand & Camera Protector] Shockproof Hard PC & Soft Silicone Bumper Hybrid Cover Phone Case for Phone 13 Pro Max 6.7'' Black,$16.99,4.4 out of 5 stars,189 ratings,In Stock.,IPhone 13 Pro Max 6.7'' Black,Nillkin,NA,Kickstand,NA
OTTERBOX SYMMETRY CLEAR SERIES Case for iPhone 13 Pro (ONLY) - OMBRE SPRAY,$40.00,4.3 out of 5 stars,107 ratings,In Stock.,Ombre Spray,OtterBox,Polycarbonate Synthetic rubber,Antimicrobial,$9.95
OTTERBOX SYMMETRY SERIES Case for iPhone 13 Pro (ONLY) - ENIGMA (BLACK/ENIGMA GRAPHIC),$49.95,4.0 out of 5 stars,44 ratings,In Stock.,Black/Graphic,OtterBox,NA,Antimicrobial,NA
"SHIELDON Case for iPhone 13 Pro Max 5G [Anti-Yellowing] [Anti-Scratch] [Shock Absorbing] [Tempered Glass Screen Protector] [PC+TPU] Case Compatible with iPhone 13 Pro Max 6.7"" Pink Flower & Plants",$18.99,4.7 out of 5 stars,215 ratings,In Stock.,Pattern - Pink Flower,SHIELDON,Anti-yellowing PC back & TPU Bumper & TPE Shockproof Tape,"Slim Fit, Travel, Anti-yellowing, Tempered Glass Screen Protector, Great Grip",NA
"SHIELDON Case for iPhone 13 Pro Max 5G Slim Anti-Yellowing Anti-Scratch Shock Absorbing Full Protection Case with Tempered Glass Screen Protector Compatible with iPhone 13 Pro Max 6.7"" Clear Blue",$18.99,4.7 out of 5 stars,215 ratings,In Stock.,Clear Blue,SHIELDON,Anti-yellowing PC back & TPU Bumper & TPE Shockproof Tape,"Slim Fit, Travel, Anti-yellowing, Tempered Glass Screen Protector, Great Grip",NA
"Henpone iPhone 13 Pro Case with Ring for Women Glitter Bling Protective Cell Phone Basic Case for iPhone 13 Pro 6.1"" Bronze Gold",$15.99,3.4 out of 5 stars,51 ratings,In Stock.,Bronze Gold,Henpone,Thermoplastic Polyurethane,NA,NA
Coolwee Crystal Glitter Full Protective Case Compatible iPhone 13 Heavy Duty Hybrid 3 in 1 Rugged Shockproof Women Girl Transparent Compatible Apple iPhone 13 6.1 inch Shiny Clear Purple Bling Sparkle,$10.99,4.6 out of 5 stars,281 ratings,In Stock.,Purple Clear Glitter,Coolwee,Purple clear glitter,,NA
Coolwee Glitter Full Protective Case Compatible iPhone 13 Heavy Duty Hybrid 3 in 1 Rugged Shockproof Women Girls Compatible with Apple iPhone 13 6.1 inch Shiny Bling Dark Purple,$10.99,4.6 out of 5 stars,281 ratings,In Stock.,Dark Purple Bling,Coolwee,Dark purple bling PU leather,,NA
Apple Clear Case with MagSafe (for iPhone 13) - Clear,$37.49,4.4 out of 5 stars,202 ratings,In Stock.,Clear,Apple,Polycarbonate,"Slim Fit, Magnetic, Shock-Absorbent, Wireless Charging Compatible",$11.51
RoseParrot Case for iPhone 13 (6.1 inch_2021 Release) Clear with Pattern Design Soft&Flexible Transparent Bumper Shockproof Protective Cover （Totem）,$17.99,4.9 out of 5 stars,184 ratings,In Stock.,Y-Totem,R ROSEPARROT,Thermoplastic Polyurethane,"Clear with Design, Complete Accessories",NA
RoseParrot Case for iPhone 13 (6.1 inch_2021 Release) Clear with Floral Pattern Design Soft&Flexible Transparent Bumper Shockproof Protective Cover （O-Firefly）,$13.79,4.9 out of 5 stars,184 ratings,In Stock.,B-Fireflies,R ROSEPARROT,Thermoplastic Polyurethane,"Clear with Design, Complete Accessories",$2.20
Henpone Designed for iPhone 13 Pro Max Case Women Glitter with Ring Stand Cell Phone Basic Case for iPhone 13 Pro Max 6.7 inch Bling Gold,$17.99,4.6 out of 5 stars,27 ratings,In Stock.,Bling Gold,Henpone,NA,"Slim Fit, Travel, Kickstand, Heavy Duty Protection, Universal",NA
Sansunto Case for iPhone 13 iPhone 13 Protective Case Heavy Duty Shockproof Silicone Rubber Cover for Men & Women Rugged Hybrid Durable Phone Cases for iPhone 13 in 6.1 Inch. (Black),$8.99,5.0 out of 5 stars,2 ratings,In Stock.,Black,Sansunto,"Silicone Rubber, Polycarbonate","Heavy Duty Shockproof, Sturdy, 3 in 1, Durable, Full Body Protection",NA
OBIMEEO Ultra Hybrid Designed for iPhone 13 Mini Case[Anti-Yellowing] Cell Phone Basic Cases Scratch Resistant Shockproof Protective Slim Thin Cover 5.4 inch-Crystal Clear,$13.99,Previous page of related Sponsored Products,NA,In Stock.,Clear,OBIMEEO,NA,"Wireless, Shock_absorbent, Screen Protector",NA
JETech Silicone Case Compatible with iPhone 13 6.1-Inch Silky-Soft Touch Full-Body Protective Phone Case Shockproof Cover with Microfiber Lining (Black),$9.98,4.4 out of 5 stars,180 ratings,In Stock.,Black,JETech,Silicone,Wireless Charging Compatible,NA
Spigen Liquid Air Armor Designed for iPhone 13 Pro Case (2021) - Navy Blue,$16.99,4.7 out of 5 stars,1.010 ratings,In Stock.,Navy Blue,Spigen,NA,Anti-Slip,NA
Amazon Basics Clear Soft TPU Smartphone Cover for iPhone 13 Pro,$8.82,4.0 out of 5 stars,71 ratings,In Stock.,NA,NA,NA,NA,$0.64
Humixx Designed for iPhone 13 Case [Not Yellowing] [Military Grade Drop Tested] [Anti-Scratch] Clear PC Back with Soft Pink TPU Bumper Slim Fit Protective Cover for 13 Phone 6.1 Inch Pink,$18.69,4.7 out of 5 stars,1.901 ratings,In Stock.,B-Pink,Humixx,,,$7.30
Humixx Designed for iPhone 13 Case [Not Yellowing] [Military Grade Drop Tested] [Anti-Scratch] Clear PC Back with Soft Blue Bumper Slim Fit Protective Case for 13 Phone 6.1 Inch Sierra Blue,$18.69,4.7 out of 5 stars,1.901 ratings,In Stock.,D-Sierra Blue,Humixx,,,$7.30
Henpone Design for iPhone 13 Case for Women with Ring Stand Cute Glitter Bling Protective Cell Phone Basic Case for iPhone 13 6.1 Black,$19.99,4.2 out of 5 stars,63 ratings,In Stock.,Black,Henpone,Thermoplastic Polyurethane,"Slim Fit, Travel, Kickstand, Heavy Duty Protection, Universal",NA
Henpone Design for iPhone 13 Case for Women with Ring Stand Cute Glitter Bling Protective Cell Phone Basic Case for iPhone 13 6.1 Blue,$18.99,4.2 out of 5 stars,63 ratings,In Stock.,Blue,Henpone,NA,"Slim Fit, Travel, Kickstand, Heavy Duty Protection, Universal",NA
ORNARTO Compatible with iPhone 13 Mini Case Slim Liquid Silicone 3 Layers Full Covered Soft Gel Rubber with Microfiber Case Cover 5.4 inch-Midnight,$14.99,4.6 out of 5 stars,705 ratings,In Stock.,Midnight,ORNARTO,"Silicone, Rubber, Gel",NA,NA
ORNARTO Compatible with iPhone 13 Mini Case Slim Liquid Silicone 3 Layers Full Covered Soft Gel Rubber with Microfiber Case Cover 5.4 inch-Brown,$15.99,4.6 out of 5 stars,705 ratings,,Brown,ORNARTO,Silicone,NA,NA
GVIEWIN for iPhone 13 Case 6.1 Inch Marble Shockproof Protective Cases Slim Fit Glossy Soft Flexible TPU Phone Cover Compatible with iPhone 13 Case 2021 (Seasalt/Blue),$16.99,4.7 out of 5 stars,922 ratings,In Stock.,Seasalt/Blue,GVIEWIN,Thermoplastic Polyurethane,"Lightweight, Shock-Absorbent",NA
GVIEWIN for iPhone 13 Case 6.1 Inch Marble Shockproof Protective Cases Slim Fit Glossy Soft Flexible TPU Phone Cover Compatible with iPhone 13 Case 2021 (Green/Gold),$16.99,4.7 out of 5 stars,922 ratings,In Stock.,Green/Gold,GVIEWIN,Thermoplastic Polyurethane,"Lightweight, Shock-Absorbent",NA
Apple Leather Case with MagSafe (for iPhone 13) - Golden Brown,$59.00,4.5 out of 5 stars,300 ratings,In Stock.,Golden Brown,Apple,Leather,"Slim Fit, Magnetic, Shock-Absorbent, Wireless Charging Compatible",NA
"MATEPROX Compatible with iPhone 13 case Clear Heavy Duty Protective Crystal Back Cover with Shockproof Bumper Case for iPhone 13 6.1"" 2021(Clear Pink)",$14.99,4.7 out of 5 stars,55 ratings,,Pink,MATEPROX,"Plastic, Rubber, Thermoplastic Elastomer, Thermoplastic Polyurethane",Heavy Duty Protection,NA
"MATEPROX Compatible with iPhone 13 case Clear Heavy Duty Protective Crystal Back Cover with Shockproof Bumper Case for iPhone 13 6.1"" 2021(Clear White)",$14.99,4.7 out of 5 stars,55 ratings,In Stock.,White,MATEPROX,"Plastic, Rubber, Thermoplastic Elastomer, Thermoplastic Polyurethane",Heavy Duty Protection,NA
OTTERBOX SYMMETRY SERIES Case for iPhone 13 Pro (ONLY) - BLACK,$49.95,4.3 out of 5 stars,234 ratings,In Stock.,Black,OtterBox,NA,Antimicrobial,NA
OTTERBOX SYMMETRY CLEAR SERIES Case for iPhone 13 Pro (ONLY) - CLEAR,$31.86,4.6 out of 5 stars,591 ratings,In Stock.,Clear,OtterBox,NA,Antimicrobial,NA
Mkeke Compatible with iPhone 13 Case Clear Transparent Shockproof Protective Bumpers Phone Cases for iPhone 13 Released 2021,$11.89,4.7 out of 5 stars,2.981 ratings,In Stock.,Clear,Mkeke,Thermoplastic Polyurethane,"Slim Fit, Shock-Absorbing Corners, Anti-yellowing, Raised Edges for extra protection, Crystal Clear",$5.10
JETech Case Compatible with iPhone 13 6.1-Inch Shockproof Phone Bumper Cover Anti-Scratch Clear Back (HD Clear),$7.64,4.7 out of 5 stars,2.192 ratings,In Stock.,HD Clear,JETech,"Polycarbonate, Thermoplastic Polyurethane","Shock-Absorbent, Wireless Charging Compatible",$1.35
SUPCASE Unicorn Beetle Style Case Designed for iPhone 13 Pro (2021 Release) 6.1 Inch Premium Hybrid Protective Clear Case (Azure),$14.99,4.7 out of 5 stars,270 ratings,In Stock.,Azure,SUPCASE,Polycarbonate,"Heavy Duty Protection, Scratch Resistant",NA
SUPCASE Unicorn Beetle Style Case Designed for iPhone 13 Pro (2021 Release) 6.1 Inch Premium Hybrid Protective Clear Case (Clear),$15.99,4.7 out of 5 stars,270 ratings,In Stock.,Clear,SUPCASE,Polycarbonate,"Heavy Duty Protection, Scratch Resistant",NA
Poetic Revolution Series Case for iPhone 13 Pro Max 6.7 inch (2021 Release) Full-Body Rugged Dual-Layer Shockproof Protective Cover with Kickstand and Built-in-Screen Protector Light Pink,$20.95,4.5 out of 5 stars,141 ratings,In Stock.,Light Pink,Poetic,"Polycarbonate, Thermoplastic Polyurethane","Built In Screen Protector, Kickstand, Anti-shock, Heavy Duty, Full Body Protection",NA
Poetic Revolution Series Case for iPhone 13 Pro Max 6.7 inch (2021 Release) Full-Body Rugged Dual-Layer Shockproof Protective Cover with Kickstand and Built-in-Screen Protector Brown,$20.95,4.5 out of 5 stars,141 ratings,In Stock.,Brown,Poetic,"Polycarbonate, Thermoplastic Polyurethane","Built In Screen Protector, Kickstand, Anti-shock, Heavy Duty, Full Body Protection",NA
Poetic Revolution Series Case for iPhone 13 Pro Max 6.7 inch (2021 Release) Full-Body Rugged Dual-Layer Shockproof Protective Cover with Kickstand and Built-in-Screen Protector Steel Blue,$20.95,4.5 out of 5 stars,141 ratings,In Stock.,Steel Blue,Poetic,"Polycarbonate, Thermoplastic Polyurethane","Built In Screen Protector, Kickstand, Anti-shock, Heavy Duty, Full Body Protection",NA
"Casus Logo View Compatible with iPhone 13 Pro Max Case Slim Premium Vegan Leather Classic Luxury Elegant Thin Cover (2021) 6.7"" (Black)",$15.88,4.6 out of 5 stars,248 ratings,In Stock.,Black,C Casus,"Faux Leather, Leather","Slim Fit, Shockproof",NA
"Casus Logo View Compatible with iPhone 13 Pro Max Case Slim Premium Vegan Leather Classic Luxury Elegant Thin Cover (2021) 6.7"" (Rose Gold)",$15.88,4.6 out of 5 stars,248 ratings,In Stock.,Rose Gold,C Casus,Faux Leather,"Slim Fit, Shockproof",NA
ESR Air Armor Case Compatible with iPhone 13 Pro Max Case Military-Grade Drop Protection Shock-Absorbing Corners Yellowing-Resistant Hard Back Scratch Resistant Frosted Black,$16.14,4.7 out of 5 stars,2.423 ratings,In Stock.,Frosted Black,ESR,NA,Scratch Resistant,$4.25
LONLI Classic - (for Apple iPhone 13) - Genuine Nappa Leather Case with Built-in Magnets for MagSafe - Caramel,$26.91,4.2 out of 5 stars,69 ratings,In Stock.,Caramel,LONLI,Leather,"Built-in magnets, Compatible with MagSafe, Genuine leather, Full leather wrapped",NA
MTVOOX Compatible with iPhone 13 Pro Case Clear Glitter Crystal Women Girls Solid TPU Protective Shockproof Scratch-Proof Phone Case Slim for iPhone 13 Pro Cover 6.1 inch 2021 - Twinkle Clear,$14.99,4.6 out of 5 stars,253 ratings,In Stock.,Clear,MTVOOX,NA,"Wireless, Slim Fit, Heavy Duty Protection, Kickstand",$2.00
MTVOOX Compatible with iPhone 13 Pro Case Clear Glitter Crystal Women Girls Solid TPU Protective Shockproof Scratch-Proof Phone Case Slim for iPhone 13 Pro Cover 6.1 inch 2021 - Clear Pink,$15.99,4.6 out of 5 stars,253 ratings,In Stock.,Pink,MTVOOX,NA,Kickstand,NA
Red2Fire Designed for iPhone 13 Pro Max Case with Built-in Screen Protector 360° Full Body Protective Cover Heavy Duty Lightweight Slim Shockproof Clear Phone Case for iPhone 13 Pro Max 6.7 inch,$15.99,4.3 out of 5 stars,1.371 ratings,In Stock.,Black,Red2Fire,"Polycarbonate, Thermoplastic Polyurethane","Bumper, Wireless, Military Grade Protection, Travel, Universal, With Screen Protector, Protective",NA
Red2Fire Designed for iPhone 13 Pro Max Case with Built-in Screen Protector 360° Full Body Protective Cover Heavy Duty Lightweight Slim Shockproof Clear Phone Case for iPhone 13 Pro Max 6.7 inch,$17.89,4.3 out of 5 stars,1.371 ratings,In Stock.,Pink,Red2Fire,"Polycarbonate, Thermoplastic Polyurethane","Bumper, Wireless, Military Grade Protection, Travel, Universal, With Screen Protector, Protective",NA
Hepix Case Compatible with iPhone 13 Mini 5.4 Inch 2021 Clear Cactus Floral Pattern Cacti Print Design Case Soft Flexible TPU Stylish Slim Thin Raised Lips Anti-Scratch Shockproof Protective Case,$15.99,4.8 out of 5 stars,19 ratings,In Stock.,Cactus,Hepix,Thermoplastic Polyurethane,"Lightweight, Shock-Absorbent",NA
Hepix Case Compatible with iPhone 13 Mini 5.4 Inch 2021 Blue Nature Forest Painting Mountain Design Clear Case Soft Flexible TPU Stylish Slim Raised Lips Anti-Scratch Shockproof Protective Case,$16.99,4.8 out of 5 stars,19 ratings,Only 19 left in stock - order soon.,Forest,Hepix,Thermoplastic Polyurethane,"Lightweight, Shock-Absorbent",NA
CASEKOO Multi Armor for iPhone 13 Pro Case [10 FT Military Drop Protection][Upgraded Non-Slip] Slim Thin Protective Phone Cases Matte Translucent Cover 6.1 inch 2021 Black,$18.69,4.7 out of 5 stars,1.604 ratings,In Stock.,Black,CASEKOO,,,$5.30
GVIEWIN Designed for iPhone 13 Case 6.1 Inch 2021 Clear Flower Soft & Flexible TPU Shockproof Women Girls Phone Cover Floral Pattern Design Bumper Protective Case（Magnolia/White）,$13.99,4.8 out of 5 stars,1.270 ratings,In Stock.,Magnolia/White,GVIEWIN,Thermoplastic Polyurethane,"Lightweight, Shock-Absorbent",NA
GVIEWIN Designed for iPhone 13 Case 6.1 Inch Clear Flower Soft & Flexible TPU Shockproof Women Girls Phone Cover Floral Pattern Design Bumper Protective Case (Anemone Blooms/Pink),$16.99,4.8 out of 5 stars,1.270 ratings,In Stock.,Anemone Blooms/Pink,GVIEWIN,Thermoplastic Polyurethane,"Lightweight, Shock-Absorbent",NA
"K TOMOTO Compatible with iPhone 13 Case [Drop Protection] [Anti-Scratch] Shockproof Liquid Silicone Anti-Fingerprint Cover with Microfiber Lining Phone Case for iPhone 13 6.1"" (2021) Hot Pink",$14.99,4.7 out of 5 stars,93 ratings,In Stock.,Hot Pink,K TOMOTO,Silicone,,NA
Henpone Designed for iPhone 13 Pro Max Case Women Glitter with Ring Stand Cell Phone Basic Case for iPhone 13 Pro Max 6.7 inch Bling Gold,$17.99,4.6 out of 5 stars,27 ratings,In Stock.,Bling Gold,Henpone,NA,"Slim Fit, Travel, Kickstand, Heavy Duty Protection, Universal",NA
OBIMEEO Ultra Hybrid Designed for iPhone 13 Mini Case[Anti-Yellowing] Cell Phone Basic Cases Scratch Resistant Shockproof Protective Slim Thin Cover 5.4 inch-Crystal Clear,$13.99,Previous page of related Sponsored Products,NA,In Stock.,Clear,OBIMEEO,NA,"Wireless, Shock_absorbent, Screen Protector",NA
SUPCASE Unicorn Beetle Edge Series Case for iPhone 13 (2021 Release) 6.1 Inch Slim Frame Clear Case with TPU Inner Bumper & Transparent Back (Black),$14.99,4.6 out of 5 stars,108 ratings,In Stock.,Black,SUPCASE,Thermoplastic Polyurethane,NA,NA
Crystal Clear Thin Case for iPhone 13 Pro 6.1 inch Slim Fit Cell Phone Cover with Protective Hard Shell Support Wireless Charging (Clear),$4.90,5.0 out of 5 stars,1 rating,In Stock.,Clear,ACURE,Hard PC and Soft TPU,"Shock-Absorbent,Wireless Charging Compatible",NA
CARLOCA Custom Case for iPhone 13 Mini Case Clear with Personalized Customized Picture Phone Case Make Your Own Image Plastic Shockproof TPU Bumper Protective Case,$13.99,4.4 out of 5 stars,76 ratings,NA,NA,CARLOCA,"Plastic, Thermoplastic Polyurethane",Shock-Absorbent,NA
CARLOCA Compatible with iPhone 13 Mini Case for GirlClear with Baseball Catcher at Home Pattern Design Plastic Shockproof TPU Bumper Protective Case for Apple iPhone 13 Mini,$14.99,4.4 out of 5 stars,76 ratings,Only 11 left in stock - order soon.,Baseball Catcher At Home,CARLOCA,"Plastic, Thermoplastic Polyurethane","Anti-Slip, Screen Protector",NA
Henpone Designed for iPhone 13 Pro Max Case Women Glitter with Ring Stand Cell Phone Basic Case for iPhone 13 Pro Max 6.7 inch Glitter Gold,$15.99,4.2 out of 5 stars,67 ratings,In Stock.,Gold,Henpone,Thermoplastic Polyurethane,"Slim Fit, Travel, Kickstand, Heavy Duty Protection, Universal",NA
2022 Sierra Blue Stainless Steel Frame Matte Case Cover Suitable for iPhone 12/12 Pro/12 Pro Max/13/13 Pro/13 Pro Max + Free Mobile Phone Holder (Goldfor iPhone 12 Pro),$18.99,Previous page of related Sponsored Products,NA,In Stock.,NA,NA,NA,NA,NA
2022 Sierra Blue Stainless Steel Frame Matte Case Cover Suitable for iPhone 12/12 Pro/12 Pro Max/13/13 Pro/13 Pro Max + Free Mobile Phone Holder (Pinkfor iPhone 12),$18.99,Previous page of related Sponsored Products,NA,In Stock.,NA,NA,NA,NA,NA
2022 Sierra Blue Stainless Steel Frame Matte Case Cover Suitable for iPhone 12/12 Pro/12 Pro Max/13/13 Pro/13 Pro Max + Free Mobile Phone Holder (Silverfor iPhone 12),$18.99,Previous page of related Sponsored Products,NA,In Stock.,NA,NA,NA,NA,NA
OTTERBOX SYMMETRY SERIES Case for iPhone 13 (ONLY) - BLACK,$46.84,4.6 out of 5 stars,177 ratings,In Stock.,BLACK,OtterBox,NA,Antimicrobial,$3.11
OTTERBOX SYMMETRY CLEAR SERIES Case for iPhone 13 (ONLY) - OMBRE SPRAY,$48.74,4.2 out of 5 stars,73 ratings,In Stock.,OMBRE SPRAY,OtterBox,Polycarbonate Synthetic rubber,Antimicrobial,NA
OTTERBOX SYMMETRY SERIES Case for iPhone 13 Pro (ONLY) - BLACK,$49.95,4.3 out of 5 stars,234 ratings,In Stock.,Black,OtterBox,NA,Antimicrobial,NA
OTTERBOX SYMMETRY CLEAR SERIES Case for iPhone 13 Pro (ONLY) - CLEAR,$31.86,4.6 out of 5 stars,591 ratings,In Stock.,Clear,OtterBox,NA,Antimicrobial,NA
Unitedtime Magnetic case Compatible with MagSafe Designed for iPhone 13 Pro Drop Protection Rugged Shockproof Military Protective Bumper Phone Cover Heavy Duty (Black),$18.99,5.0 out of 5 stars,1 rating,In Stock.,Black,UN UNITEDTIME,"Rubber, Polycarbonate",,NA
Unitedtime Magnetic case Compatible with MagSafe Designed for iPhone 13 Pro Drop Protection Rugged Shockproof Military Protective Bumper Phone Cover Heavy Duty (Purple),$18.99,5.0 out of 5 stars,1 rating,In Stock.,Purple,UN UNITEDTIME,"Rubber, Polycarbonate",,NA
SAFACUS Thermal Phone Case for iPhone 13 12 11 Pro Max Xs Max XR X 8 7 6S Plus SESamsung Galaxy Smart Phone Pouch Cellphone Case Cover Bags (Orange),$9.99,4.2 out of 5 stars,40 ratings,In Stock.,Orange,SAFACUS,NA,NA,NA
SAFACUS Thermal Phone Case for iPhone 13 12 11 Pro Max Xs Max XR X 8 7 6S Plus SESamsung Galaxy Smart Phone Pouch Cellphone Case Cover Bags (Yellow),$9.99,4.2 out of 5 stars,40 ratings,In Stock.,Yellow,SAFACUS,NA,NA,NA
Compatible with iPhone 13 6.1inch Case [Built in Screen Protector]Cute Feather Design Hard PC Back Anti Slip Shockproof Protective Case for iPhone 13,$13.99,5.0 out of 5 stars,1 rating,In Stock.,Feather,OOK,"Polycarbonate, Thermoplastic Polyurethane",,NA
Hepix Case Compatible with iPhone 13 Mini 5.4 Inch 2021 Sunflower Design Clear Yellow Floral Case Soft Flexible TPU Stylish Slim Thin Cute Raised Lips Anti-Scratch Shockproof Protective Case,$16.99,4.8 out of 5 stars,19 ratings,In Stock.,Sunflower,hepix,Thermoplastic Polyurethane,"Lightweight, Shock-Absorbent",NA
Hepix Case Compatible with iPhone 13 Mini 5.4 inch 2021 Pink Cherry Blossom Floral Design Clear Flower Case Soft Flexible TPU Stylish Slim Thin Raised Lips Anti-Scratch Shockproof Protective Case,$15.99,4.8 out of 5 stars,19 ratings,Only 19 left in stock - order soon.,Cherry,hepix,Thermoplastic Polyurethane,"Lightweight, Shock-Absorbent",NA
Henpone Design for iPhone 13 Case for Women with Ring Stand Cute Glitter Bling Protective Cell Phone Basic Case for iPhone 13 6.1 Pink,$18.99,4.2 out of 5 stars,63 ratings,In Stock.,Pink,Henpone,Thermoplastic Polyurethane,"Slim Fit, Travel, Kickstand, Heavy Duty Protection, Universal",NA
"K TOMOTO Compatible with iPhone 13 Case [Drop Protection] [Anti-Scratch] Shockproof Liquid Silicone Anti-Fingerprint Cover with Microfiber Lining Phone Case for iPhone 13 6.1"" (2021) Hot Pink",$14.99,4.7 out of 5 stars,93 ratings,In Stock.,Hot Pink,K TOMOTO,Silicone,,NA
Spigen Tough Armor [Extreme Protection Tech] Designed for iPhone 13 Pro Case (2021) - Black,$16.99,4.7 out of 5 stars,1.001 ratings,In Stock.,Black,Spigen,"Polycarbonate, Thermoplastic Polyurethane",Kickstand,NA
Spigen Tough Armor [Extreme Protection Tech] Designed for iPhone 13 Pro Case (2021) - Red,$17.99,4.7 out of 5 stars,1.001 ratings,In Stock.,Red,Spigen,"Polycarbonate, Thermoplastic Polyurethane",Kickstand,NA
Cocomii Square Diamond Mirror iPhone 13 Pro Max Case Slim Thin Glossy Soft TPU Silicone Rubber Gel 3D Prism Trunk Box Square Edges Fashion Bumper Cover Compatible with Apple iPhone 13 Pro Max (Gold),$11.99,5.0 out of 5 stars,3 ratings,Only 12 left in stock - order soon.,Gold,Cocomii,Thermoplastic Polyurethane,,NA
Cordking iPhone 11 Case Silicone Ultra Slim Shockproof Phone Case with [Soft Anti-Scratch Microfiber Lining] 6.1 inch Black,$12.98,4.5 out of 5 stars,6.474 ratings,In Stock.,Black,Cordking,Silicone,"Raised lips, Smooth, Slim, Soft Microfiber Lining, Perfect fits",NA
Cordking iPhone 11 Case Silicone Ultra Slim Shockproof Phone Case with [Soft Anti-Scratch Microfiber Lining] 6.1 inch Fluorescent Green,$13.98,4.5 out of 5 stars,6.474 ratings,In Stock.,Fluorescent Green,Cordking,Silicone,"Raised lips, Smooth, Slim, Soft Microfiber Lining, Perfect fits",NA
"TUCCH Compatible with iPhone 13 Pro Case Clear Shockproof Phone Cases with [Glass Screen Protector] Transparent Slim Anti-Scratch Protective TPU Full Cover Case for iPhone 13 Pro 6.1"" Crystal Clear",$14.99,4.6 out of 5 stars,72 ratings,In Stock.,Clear,TUCCH,Thermoplastic Polyurethane,"Lightweight, Shock-Absorbent",NA
"TUCCH Compatible with iPhone 13 Pro Case Transparent Shockproof Protective Phone Cases with [Glass Screen Protector] Slim Clear Thin Anti Scratch TPU Full Cover for iPhone 13 Pro 6.1"" Clear Grey",$15.99,4.6 out of 5 stars,72 ratings,In Stock.,NA,NA,NA,NA,NA
Whitegoose Cell Phone Case Compatible with iPhone 13 Pro MaxiPhone 13 ProiPhone 13 with Ring Kickstand 360 Degree Rotation ShockproofMagnetic Car Mount (for iPhone 13 Pro Max Black),$19.99,5.0 out of 5 stars,1 rating,In Stock.,Black,whitegoose,NA,"Ring Kickstand,Magnetic Car Mount",NA
Whitegoose Cell Phone Case Compatible with iPhone 13 Pro MaxiPhone 13 ProiPhone 13 with Ring Kickstand 360 Degree Rotation ShockproofMagnetic Car Mount (for iPhone 13 Red),$19.99,5.0 out of 5 stars,1 rating,In Stock.,Red,Whitegoose,NA,"Ring Kickstand,Magnetic Car Mount",NA
TAURI [3 in 1] Defender Designed for iPhone 13 Pro Case 6.1 Inch with 2 Pack Tempered Glass Screen Protector + 2 Pack Camera Lens Protector [Military Grade Protection] Shockproof Slim Thin,$17.99,4.5 out of 5 stars,2.798 ratings,In Stock.,Clear,TAURI,"Tempered Glass, Thermoplastic Polyurethane","Camera Lens Cover, Slim Fit, Military-grade Protection, Anti-yellowing, Screen Protector",NA
TAURI [3 in 1] Defender Designed for iPhone 13 Pro Case 6.1 Inch with 2 Pack Tempered Glass Screen Protector + 2 Pack Camera Lens Protector [Military Grade Protection] Shockproof Slim Thin,$18.99,4.5 out of 5 stars,2.798 ratings,In Stock.,Blue,TAURI,"Tempered Glass, Thermoplastic Polyurethane","Camera Lens Cover, Slim Fit, Military-grade Protection, Anti-yellowing, Screen Protector",NA
Ins Hot Off Sports Shoes Brand Clear Case Compatible with iPhone 13 6.1 inch Cool Label Pattern Ultra-Thin Soft Silicone and TPU Bumper Cover Full Body Protective Cute Funny Phone Case White,$14.99,Previous page of related Sponsored Products,NA,In Stock.,White,Bakkfa,"Silicone, Thermoplastic Polyurethane",NA,NA
ABITKU Silicone Compatible with iPhone 13 Pro Max Case 2021 Liquid Silicone Gel Rubber Full Coverage [with Camera Protection] Phone Case for iPhone 13 Pro Max 6.7 inch (Clove Purple),$13.99,4.7 out of 5 stars,44 ratings,In Stock.,Clove Purple,ABITKU,"Silicone, Rubber",Anti-Fingerprint,NA
ABITKU Compatible with iPhone 13 Pro Max Case 2021 Liquid Silicone Gel Rubber Full Coverage [with Camera Protection] Phone Case for iPhone 13 Pro Max 6.7 inch (Blue),$13.99,4.7 out of 5 stars,44 ratings,In Stock.,Blue,ABITKU,Silicone,Anti-Fingerprint,NA
VRS DESIGN Damda Glide Hybrid for iPhone 13 Pro Functional Sturdy Case Compatible for iPhone 13 Pro Case (2021),$24.99,4.4 out of 5 stars,90 ratings,In Stock.,Metal Black (Dark Silver),VRS DESIGN,NA,"Kickstand, Card Slot",NA
GVIEWIN for iPhone 13 Case 6.1 Inch Marble Shockproof Protective Cases Slim Fit Glossy Soft Flexible TPU Phone Cover Compatible with iPhone 13 Case 2021 (Seasalt/Blue),$16.99,4.7 out of 5 stars,922 ratings,In Stock.,Seasalt/Blue,GVIEWIN,Thermoplastic Polyurethane,"Lightweight, Shock-Absorbent",NA
GVIEWIN for iPhone 13 Case 6.1 Inch Marble Shockproof Protective Cases Slim Fit Glossy Soft Flexible TPU Phone Cover Compatible with iPhone 13 Case 2021 (Green/Gold),$16.99,4.7 out of 5 stars,922 ratings,In Stock.,Green/Gold,GVIEWIN,Thermoplastic Polyurethane,"Lightweight, Shock-Absorbent",NA
"Doowear Compatible with iPhone 13 Pro Max Case Cute 3D Love Heart Phone Case for Girls Women Clear Camera Lens Protection Shockproof TPU Bumper Protective Case Cover for iPhone 13 Pro Max 6.7""-Purple",$9.99,3.1 out of 5 stars,4 ratings,In Stock.,Purple,Doowear,Thermoplastic Polyurethane,"Kickstand, Lightweight, Shock-Absorbent",NA
"Doowear Compatible with iPhone 13 Pro Max Case Cute 3D Love Heart Phone Case for Girls Women Clear Camera Lens Protection Shockproof TPU Bumper Protective Case Cover for iPhone 13 Pro Max 6.7""-White",$9.99,3.1 out of 5 stars,4 ratings,Only 16 left in stock - order soon.,White,Doowear,"Silicone, Thermoplastic Polyurethane","Kickstand, Lightweight, Shock-Absorbent",NA
"K TOMOTO Compatible with iPhone 13 Case [Drop Protection] [Anti-Scratch] Shockproof Liquid Silicone Anti-Fingerprint Cover with Microfiber Lining Phone Case for iPhone 13 6.1"" (2021) Black",$14.99,4.7 out of 5 stars,93 ratings,In Stock.,Black,K TOMOTO,Silicone,,NA
"K TOMOTO Compatible with iPhone 13 Case [Drop Protection] [Anti-Scratch] Shockproof Liquid Silicone Anti-Fingerprint Cover with Microfiber Lining Phone Case for iPhone 13 6.1"" (2021) Lavender Grey",$14.99,4.7 out of 5 stars,93 ratings,In Stock.,Lavender Grey,K TOMOTO,Silicone,,NA
Henpone Designed for iPhone 13 Pro Max Case Women Glitter with Ring Stand Cell Phone Basic Case for iPhone 13 Pro Max 6.7 inch Bling Gold,$17.99,4.6 out of 5 stars,27 ratings,In Stock.,Bling Gold,Henpone,NA,"Slim Fit, Travel, Kickstand, Heavy Duty Protection, Universal",NA
OBIMEEO Ultra Hybrid Designed for iPhone 13 Mini Case[Anti-Yellowing] Cell Phone Basic Cases Scratch Resistant Shockproof Protective Slim Thin Cover 5.4 inch-Crystal Clear,$13.99,Previous page of related Sponsored Products,NA,In Stock.,Clear,OBIMEEO,NA,"Wireless, Shock_absorbent, Screen Protector",NA
Smartish iPhone 13 Slim Case - Gripmunk - [Lightweight + Protective] Thin Grip Cover - Nothin' to Hide,$14.99,4.6 out of 5 stars,43 ratings,In Stock.,Nothin' to Hide,Smartish,"Grippy Sides, Smooth Back",,$10.00
MTVOOX Compatible with iPhone 13 Case Clear Glitter Crystal Shockproof Protective Hard Phone Case Non Yellowing Slim for Women Girls iPhone 13 Cover 6.1 inch 2021 - Clear Black,$15.99,4.7 out of 5 stars,474 ratings,In Stock.,Black,MTVOOX,NA,"Wireless, Slim Fit, Heavy Duty Protection, Kickstand",NA
"zelaxy Case Compatible with iPhone 13 Protective 3 Layer Anti-Slick Slim Bling Sparkly Glitter Cover for iPhone 13 6.1"" 2021 (Purple)",$12.99,4.6 out of 5 stars,31 ratings,In Stock.,Purple,zelaxy,NA,NA,NA
"zelaxy Case Compatible with iPhone 13 Protective 3 Layer Anti-Slick Slim Bling Sparkly Glitter Cover for iPhone 13 6.1"" 2021 (Gold)",$12.99,4.6 out of 5 stars,31 ratings,Only 17 left in stock - order soon.,Gold,Zelaxy,NA,NA,NA
Cordking Designed for iPhone 13 Pro Max Case Silicone Ultra Slim Shockproof Protective Phone Case with [Soft Anti-Scratch Microfiber Lining] 6.7 inch Light Brown,$15.98,4.6 out of 5 stars,2.012 ratings,In Stock.,Light Brown,Cordking,Silicone,"Raised lips, Smooth, Slim, Soft Microfiber Lining, Perfect fits",NA
Cordking Designed for iPhone 13 Pro Max Case Silicone Ultra Slim Shockproof Protective Phone Case with [Soft Anti-Scratch Microfiber Lining] 6.7 inch Blue,$16.98,4.6 out of 5 stars,2.012 ratings,In Stock.,Blue,Cordking,Silicone,"Raised lips, Smooth, Slim, Soft Microfiber Lining, Perfect fits",NA
GVIEWIN Case Compatible with iPhone 13 Pro Case 6.1 Inch 2021 Marble Phone Case Slim Glossy Soft TPU Shockproof Protective Cover for Women Girl Stylish Phone Cases Covers(Stray Stars/Blue),$15.99,4.7 out of 5 stars,1.101 ratings,In Stock.,Stray Stars/Blue,GVIEWIN,Thermoplastic Polyurethane,"Lightweight, Shock-Absorbent",NA
GVIEWIN Case Compatible with iPhone 13 Pro Case 6.1 Inch 2021 Marble Phone Case Slim Glossy Soft TPU Shockproof Protective Cover for Women Girl Stylish Phone Cases Covers(Brown),$17.99,4.7 out of 5 stars,1.101 ratings,In Stock.,Brown,GVIEWIN,Thermoplastic Polyurethane,"Lightweight, Shock-Absorbent",NA
"TUCCH Compatible with iPhone 13 Pro Case Clear Shockproof Phone Cases with [Glass Screen Protector] Transparent Slim Anti-Scratch Protective TPU Full Cover Case for iPhone 13 Pro 6.1"" Crystal Clear",$14.99,4.6 out of 5 stars,72 ratings,In Stock.,Clear,TUCCH,Thermoplastic Polyurethane,"Lightweight, Shock-Absorbent",NA
"TUCCH Compatible with iPhone 13 Pro Case Transparent Shockproof Protective Phone Cases with [Glass Screen Protector] Slim Clear Thin Anti Scratch TPU Full Cover for iPhone 13 Pro 6.1"" Clear Grey",$15.99,4.6 out of 5 stars,72 ratings,In Stock.,NA,NA,NA,NA,NA
Spigen Rugged Armor Designed for iPhone 13 Pro Case (2021) - Matte Black,$14.99,4.7 out of 5 stars,558 ratings,In Stock.,Matte Black,Spigen,"Carbon Fiber, Thermoplastic Polyurethane",Heavy Duty Protection,NA
GVIEWIN Case Compatible with iPhone 13 Pro Max 6.7 Inch 2021 Clear Floral Soft & Flexible TPU Shockproof Protective Cover for Women Girls Flower Pattern Design Phone Case (Butterfly Charm),$18.99,4.8 out of 5 stars,1.795 ratings,In Stock.,Butterfly Charm,GVIEWIN,Thermoplastic Polyurethane,"Lightweight, Shock-Absorbent",NA
GVIEWIN Case Compatible with iPhone 13 Pro Max 6.7 Inch 2021 Clear Floral Soft & Flexible TPU Shockproof Protective Cover for Women Girls Flower Pattern Design Phone Case (Magnolia/White),$18.99,4.8 out of 5 stars,1.795 ratings,In Stock.,Magnolia/White,GVIEWIN,Thermoplastic Polyurethane,"Lightweight, Shock-Absorbent",NA
OTTERBOX COMMUTER SERIES Case for iPhone 13 Pro (ONLY) - MAVEN WAY,$44.95,4.6 out of 5 stars,260 ratings,In Stock.,MAVEN WAY,OtterBox,Polycarbonate,Antimicrobial,NA
OTTERBOX COMMUTER SERIES Case for iPhone 13 Pro (ONLY) - ROCK SKIP WAY,$39.95,4.7 out of 5 stars,375 ratings,In Stock.,ROCK SKIP W,OtterBox,Synthetic rubber slipcover Polycarbonate shell,Antimicrobial,NA
Case for iPhone 13 Phone Cover: 360 Dual Layer Full Protection - Hard Bumper Protective Cover & Matte Soft Silicone Slim Rugged Drop Shockproof Phone Case (Girly Pink),$12.99,4.3 out of 5 stars,51 ratings,In Stock.,Girly Pink,PUJUE,,,NA
Case for iPhone 13 Phone Cover: 360 Dual Layer Full Protection - Hard Bumper Protective Cover & Matte Soft Silicone Slim Rugged Drop Shockproof Phone Case (Lilac Purple),$12.99,4.3 out of 5 stars,51 ratings,In Stock.,Lilac Purple,PUJUE,,,NA
"Kornsurte for iPhone 13 Case Cooling Heat Dissipation Case with 2 Tempered Glass Screen Protector+ Lens Protector Prevent Overheating Phone Case 6.1""(Black)",$22.99,4.5 out of 5 stars,86 ratings,Only 18 left in stock - order soon.,NA,NA,NA,NA,NA
"Kornsurte for iPhone 13 Case with 2 Tempered Glass Screen Protector Heavy Duty Phone Case Full Body 3 Layers Rugged Protective Shockproof Cover for Apple iPhone 13 6.1"" (Black)",$18.99,4.5 out of 5 stars,86 ratings,In Stock.,13-Black,kornsurte,"Polycarbonate, Thermoplastic Polyurethane",Screen Protector,NA
JAME Designed for iPhone 11 Case with Screen Protector 2PCS Military-Grade Drop Protection Protective Phone Cases with Ring Kickstand Shockproof Bumper Case for iPhone 11 6.1 Inch Blue,$12.99,4.5 out of 5 stars,5.419 ratings,In Stock.,Blue,JAME,"Metal, Polycarbonate, Thermoplastic Polyurethane","Slim Fit, Travel, Heavy Duty Protection, Kickstand, Screen Protector",NA
JAME Designed for iPhone 11 Case with Screen Protector 2PCS Military-Grade Drop Protection Protective Phone Cases with Ring Kickstand Shockproof Bumper Case for iPhone 11 6.1 Inch Purple,$12.99,4.5 out of 5 stars,5.419 ratings,In Stock.,Purple,JAME,"Metal, Polycarbonate, Thermoplastic Polyurethane","Slim Fit, Travel, Heavy Duty Protection, Kickstand, Screen Protector",NA
kate spade new york Protective Hardshell Case for iPhone 13 Pro - City Leopard Black,$39.99,5.0 out of 5 stars,5 ratings,Only 1 left in stock - order soon.,City Leopard Black,Kate Spade New York,NA,Lightweight,NA
kate spade new york Protective Hardshell Case for iPhone 13 Pro - Falling Poppies Blush,$39.99,5.0 out of 5 stars,5 ratings,Only 4 left in stock - order soon.,Falling Poppies Blush,Kate Spade New York,NA,Lightweight,NA
Mkeke Compatible with iPhone 13 Case Clear Transparent Shockproof Protective Bumpers Phone Cases for iPhone 13 Released 2021,$11.89,4.7 out of 5 stars,2.981 ratings,In Stock.,Clear,Mkeke,Thermoplastic Polyurethane,"Slim Fit, Shock-Absorbing Corners, Anti-yellowing, Raised Edges for extra protection, Crystal Clear",$5.10
OTTERBOX COMMUTER SERIES Case for iPhone 13 Pro Max & iPhone 12 Pro Max - BLACK,$39.95,4.6 out of 5 stars,1.172 ratings,In Stock.,BLACK,OtterBox,Synthetic rubber slipcover Polycarbonate shell,Antimicrobial,NA
OTTERBOX COMMUTER SERIES Case for iPhone 13 Pro Max & iPhone 12 Pro Max - RIVETING WAY,$39.95,4.7 out of 5 stars,343 ratings,In Stock.,RIVET WAY,OtterBox,Synthetic rubber slipcover Polycarbonate shell,Antimicrobial,NA
Spigen Ultra Hybrid S Designed for iPhone 13 Pro Case (2021) - Crystal Clear,$16.99,4.2 out of 5 stars,271 ratings,In Stock.,Crystal Clear,Spigen,Thermoplastic Polyurethane,"Kickstand, Magnetic",NA
TORRO Leather Bumper Cell Phone Case Compatible with iPhone 13 - Quality Genuine Leather Slim Back Cover (Black),$37.99,4.8 out of 5 stars,8 ratings,Only 9 left in stock - order soon.,Black with Red Stitching,TORRO,Leather,"Durable Frame, Precise Cut-Outs, Slim Profile, Genuine Leather",NA
"Humixx 2021 Upgraded Shockproof Designed for iPhone 13 Pro Max Case [Military Grade Drop Protection] Slim Fit Translucent Matte Back with Soft Texture Edge Case for iPhone 13 Pro Max 6.7"" - Black",$23.99,4.7 out of 5 stars,1.206 ratings,In Stock.,Black,Humixx,"Anti-scratch coating, Nano Frosted Layer, Thermoplastic Polyurethane",,NA
Henpone Design for iPhone 13 Pro Case for Women Glitter Cute Diamond Cover for iPhone 13 Pro with Ring Stand Kickstand 6.1 inch Pink,$15.89,3.4 out of 5 stars,51 ratings,In Stock.,Pink,Henpone,Thermoplastic Polyurethane,NA,NA
Submariner Large Size - 2 Pack,$16.95,4.3 out of 5 stars,1.688 ratings,,Large 2 Pack,Kona,"Plastic, Polyvinyl Chloride","Heavy Duty Protection, Waterproof, Anti-Slip",NA
Cordking Designed for iPhone 13 Pro Case Silicone Ultra Slim Shockproof Protective Phone Case with [Soft Anti-Scratch Microfiber Lining] 6.1 inch Stone,$14.43,4.6 out of 5 stars,2.223 ratings,In Stock.,Stone,Cordking,Silicone,"Raised lips, Smooth, Slim, Soft Microfiber Lining, Perfect fits",$4.55
